{"degree_range": [1, 17.0], "eign_range": [1.195555740884969e-13, 0.0005275216303621949], "closeness_range": [0, 0], "betwness_range": [0, 0]}