{"degree_range": [1, 126.0], "eign_range": [6.385265348738538e-14, 8.157790643996572e-05], "closeness_range": [0, 0], "betwness_range": [0, 0]}