{"degree_range": [1, 38.0], "eign_range": [1.4305557753908804e-16, 0.00026931872546830983], "closeness_range": [0, 0], "betwness_range": [0, 0]}